Eastern Cape,East London
Western Cape,Cape Town
Gauteng,Johannesburg
Gauteng,Pretoria
Gauteng,Germiston
KwaZulu-Natal,Durban
Free State,Bloemfontein
Eastern Cape,Port Elizabeth
Eastern Cape,Mount Ayliff
KwaZulu-Natal,Newcastle
Eastern Cape,East London
North West,Rustenburg
Eastern Cape,East London
Eastern Cape,Port Elizabeth
Western Cape,Worcester
Limpopo,Polokwane
Western Cape,Beaufort West
Eastern Cape,Queenstown
Western Cape,Cape Town
Gauteng,Johannesburg
Gauteng,Pretoria
North West,Klerksdorp
North West,Vryburg
Western Cape,George
Mpumalanga,Nelspruit
Gauteng,Germiston
KwaZulu-Natal,Durban
Free State,Sasolburg
Northern Cape,Kimberley
Mpumalanga,Secunda
KwaZulu-Natal,KwaDukuza
Eastern Cape,Barkly East
Northern Cape,Kuruman
Free State,Welkom
Free State,Bloemfontein
Limpopo,Giyani
Northern Cape,Springbok
Eastern Cape,Port Elizabeth
North West,Mafikeng
Mpumalanga,Middelburg
Eastern Cape,Mthatha
Western Cape,Bredasdorp
Northern Cape,De Aar
Gauteng,Vereeniging
Limpopo,Groblersdal
KwaZulu-Natal,Ixopo
Northern Cape,Upington
Free State,Phuthaditjhaba
KwaZulu-Natal,Port Shepstone
KwaZulu-Natal,Pietermaritzburg
KwaZulu-Natal,Mkuze
KwaZulu-Natal,Dundee
KwaZulu-Natal,Ladysmith
KwaZulu-Natal,Richards Bay
Limpopo,Thohoyandou
Limpopo,Modimolle
Western Cape,Moorreesburg
Gauteng,Randfontein
Free State,Trompsburg
KwaZulu-Natal,Ulundi
KwaZulu-Natal,Vryheid
Limpopo,Koloti
Mpumalanga,Carolina
Eastern Cape,Stutterheim
Limpopo,Phalaborwa
Eastern Cape,Willowmore
Western Cape,Beaufort West
Limpopo,Bela-Bela
Western Cape,Piketberg
Western Cape,Plettenberg Bay
Limpopo,Senwabarwana
Eastern Cape,Somerset East
Western Cape,Worcester
Eastern Cape,East London
Mpumalanga,Bushbuckridge
Eastern Cape,Graaff-Reinet
Western Cape,Bredasdorp
Western Cape,Clanwilliam
Western Cape,Cape Town
Gauteng,Johannesburg
North West,Klerksdorp
Gauteng,Pretoria
KwaZulu-Natal,Dannhauser
Free State,Bethlehem
Northern Cape,Barkly West
Mpumalanga,Balfour
North West,Lichtenburg
Mpumalanga,Siyabuswa
Western Cape,Paarl
KwaZulu-Natal,Paulpietersburg
Gauteng,Germiston
Limpopo,Groblersdal
Eastern Cape,Maclear
KwaZulu-Natal,Utrecht
Mpumalanga,Belfast
Eastern Cape,Lady Frere
Mpumalanga,Witbank
Gauteng,Vanderbijlpark
KwaZulu-Natal,Ladysmith
Northern Cape,De Aar
KwaZulu-Natal,Dundee
Eastern Cape,Ngcobo
Limpopo,Marble Hall
KwaZulu-Natal,Durban
KwaZulu-Natal,Izingolweni
Limpopo,Apel
Northern Cape,Kuruman
Northern Cape,Kathu
Eastern Cape,Burgersdorp
Western Cape,George
Mpumalanga,Secunda
Eastern Cape,Komga
Limpopo,Giyani
KwaZulu-Natal,Kokstad
Limpopo,Modjadjiskloof
North West,Taung
Limpopo,Burgersfort
Limpopo,Tzaneen
Northern Cape,Calvinia
Western Cape,Riversdale
KwaZulu-Natal,Port Shepstone
KwaZulu-Natal,Hlabisa
Eastern Cape,Jansenville
KwaZulu-Natal,Ntabamhlophe
KwaZulu-Natal,Impendle
KwaZulu-Natal,Wasbank
Eastern Cape,Flagstaff
KwaZulu-Natal,Creighton
Eastern Cape,Molteno
Eastern Cape,Cofimvaba
Eastern Cape,Cradock
Northern Cape,Mothibistad
KwaZulu-Natal,Jozini
North West,Ganyesa
Northern Cape,Kakamas
Northern Cape,Garies
Western Cape,Ladismith
Northern Cape,Carnarvon
Northern Cape,Williston
Northern Cape,Danilskuil
North West,Koster
Northern Cape,Pofadder
Northern Cape,Upington
Northern Cape,Groblershoop
Eastern Cape,Mthatha
Western Cape,Knysna
Free State,Trompsburg
Eastern Cape,Kareedouw
Eastern Cape,Jeffreys Bay
KwaZulu-Natal,KwaDukuza
KwaZulu-Natal,Himeville
Western Cape,Laingsburg
Western Cape,Ashton
Mpumalanga,Standerton
North West,Christiana
Limpopo,Chuniespoort
Limpopo,Lephalale
Gauteng,Heidelberg
Free State,Koffiefontein
Eastern Cape,Queenstown
North West,Brits
Free State,Frankfort
Northern Cape,Warrenton
North West,Mahikeng
Eastern Cape,Grahamstown
Limpopo,Louis Trichardt
Limpopo,Jane Furse
Eastern Cape,Aliwal North
Free State,Phuthaditjhaba
North West,Schweizer-Reneke
KwaZulu-Natal,Mandeni
Free State,Bloemfontein
Free State,Ladybrand
KwaZulu-Natal,Maphumulo
North West,Wolmaransstad
Limpopo,Hoedspruit
Free State,Theunissen
Eastern Cape,Matatiele
Free State,Welkom
Western Cape,Vredendal
Eastern Cape,Dutywa
Eastern Cape,Bizana
Mpumalanga,Nelspruit
KwaZulu-Natal,KwaMbonambi
Gauteng,Carletonville
Free State,Sasolburg
Eastern Cape,Qumbu
Gauteng,Meyerton
Northern Cape,Mier
KwaZulu-Natal,Camperdown
Mpumalanga,Piet Retief
Eastern Cape,Gcuwa
Limpopo,Modimolle
Limpopo,Mokopane
Gauteng,Krugersdorp
Free State,Zastron
Limpopo,Dendron
Limpopo,Mookgophong
Free State,Kroonstad
North West,Makapanstad
North West,Mogwase
Western Cape,Mossel Bay
KwaZulu-Natal,Mooi River
KwaZulu-Natal,Tugela Ferry
Mpumalanga,Ermelo
KwaZulu-Natal,Pietermaritzburg
KwaZulu-Natal,Melmoth
KwaZulu-Natal,Mtubatuba
Limpopo,Musina
Limpopo,Mutale
Free State,Bothaville
North West,Vryburg
Free State,Dewetsdorp
Northern Cape,Springbok
Eastern Cape,Port Alfred
KwaZulu-Natal,Ndwedwe
Eastern Cape,Port Elizabeth
KwaZulu-Natal,Newcastle
Eastern Cape,Peddie
Free State,Parys
KwaZulu-Natal,Nkandla
Free State,Reitz
Mpumalanga,Malalane
Eastern Cape,Fort Beaufort
KwaZulu-Natal,Nongoma
KwaZulu-Natal,Nquthu
Eastern Cape,Ntabankulu
KwaZulu-Natal,Bhucanana
Eastern Cape,Adelaide
Eastern Cape,Libode
KwaZulu-Natal,Bergville
Western Cape,Oudtshoorn
Western Cape,Hermanus
Northern Cape,Hartswater
Free State,Vrede
Mpumalanga,Volksrust
Limpopo,Polokwane
Eastern Cape,Port St Johns
Western Cape,Prince Albert
North West,Zeerust
Gauteng,Randfontein
North West,Setlagole
Northern Cape,Petrusville
KwaZulu-Natal,Richmond
Northern Cape,Port Nolloth
North West,Rustenburg
Eastern Cape,Cala
Western Cape,Vredenburg
Eastern Cape,Lady Grey
Free State,Ficksburg
Northern Cape,Douglas
Northern Cape,Prieska
Northern Cape,Kimberley
Western Cape,Stellenbosch
Mpumalanga,Middelburg
Eastern Cape,Kirkwood
Western Cape,Malmesbury
Western Cape,Swellendam
Mpumalanga,Lydenburg
Limpopo,Thabazimbi
KwaZulu-Natal,Hluhluwe
Western Cape,Caledon
Northern Cape,Hopetown
Mpumalanga,eMpumalanga
Limpopo,Thohoyandou
North West,Potchefstroom
Free State,Boshof
Northern Cape,Postmasburg
Eastern Cape,Tarkastad
North West,Delareyville
Free State,Bultfontein
KwaZulu-Natal,Ixopo
Northern Cape,Victoria West
KwaZulu-Natal,Ulundi
KwaZulu-Natal,Scottburgh
KwaZulu-Natal,Kwangwanase
KwaZulu-Natal,Richards Bay
Mpumalanga,Barberton
KwaZulu-Natal,Eshowe
KwaZulu-Natal,Howick
KwaZulu-Natal,Wartburg
Northern Cape,Colesberg
KwaZulu-Natal,Estcourt
KwaZulu-Natal,Harding
KwaZulu-Natal,Greytown
KwaZulu-Natal,Umzimkhulu
Eastern Cape,Mount Frere
KwaZulu-Natal,Mtwalume
KwaZulu-Natal,Pongola
North West,Ventersdorp
Mpumalanga,Delmas
KwaZulu-Natal,Scottburgh
Gauteng,Westonaria
Western Cape,Ceres
